{"noOfAnimals":184,"noOfPlants":56,"meanLifeLength":80.45652173913044,"meanNumberOfChildren":2.472826086956522,"meanEnergy":19.48913043478261,"dayNumber":236}
